{
  "ACRAZE - Take Me Away (Extended Mix).wav": {
    "tempo_est": 123,
    "key_est": "Ab major",
    "sub_ratio": 0.037699997425079346,
    "centroid": 2588.5139124380025,
    "rms_var": 0.7449823021888733,
    "onset_rate": 4.1
  },
  "Alesso - Hypnotize (Extended Mix).mp3": {
    "tempo_est": 123,
    "key_est": "G minor",
    "sub_ratio": 0.18763577938079834,
    "centroid": 2301.0278434905804,
    "rms_var": 0.26155373454093933,
    "onset_rate": 7.066666666666666
  },
  "Alex Wann - Milkshake (Original Mix).wav": {
    "tempo_est": 117,
    "key_est": "D minor",
    "sub_ratio": 0.07156065106391907,
    "centroid": 1801.4035139855857,
    "rms_var": 0.7157944440841675,
    "onset_rate": 6.233333333333333
  },
  "Andruss, HUGEL, Fatboi - Pega (Extended Mix).mp3": {
    "tempo_est": 129,
    "key_est": "Db major",
    "sub_ratio": 0.17030522227287292,
    "centroid": 2385.6077011130174,
    "rms_var": 0.5396616458892822,
    "onset_rate": 6.733333333333333
  },
  "Biscits - Crush  (Extended Mix).mp3": {
    "tempo_est": 129,
    "key_est": "F minor",
    "sub_ratio": 0.21480673551559448,
    "centroid": 2223.5692806041443,
    "rms_var": 0.5719156265258789,
    "onset_rate": 4.066666666666666
  },
  "Biscits - Freak  (Extended Mix).wav": {
    "tempo_est": 129,
    "key_est": "B minor",
    "sub_ratio": 0.12828004360198975,
    "centroid": 2802.420941022479,
    "rms_var": 0.4889775216579437,
    "onset_rate": 5.5
  },
  "Biscits - Selecta (Extended Mix).mp3": {
    "tempo_est": 129,
    "key_est": "F major",
    "sub_ratio": 0.21131038665771484,
    "centroid": 2604.567479172263,
    "rms_var": 0.6242039203643799,
    "onset_rate": 5.633333333333334
  },
  "Borai & Denham Audio - Make Me (Franky Rizardo Extended Remix).mp3": {
    "tempo_est": 129,
    "key_est": "Eb major",
    "sub_ratio": 0.1889260709285736,
    "centroid": 3028.968539310478,
    "rms_var": 0.4198600649833679,
    "onset_rate": 6.15
  },
  "Bruno Furlan - Bongoloco (Original Mix).wav": {
    "tempo_est": 129,
    "key_est": "F# minor",
    "sub_ratio": 0.12481454014778137,
    "centroid": 2741.6397064503767,
    "rms_var": 1.1925134658813477,
    "onset_rate": 5.733333333333333
  },
  "CID, BURNR - Turn it Up (Extended Mix).mp3": {
    "tempo_est": 129,
    "key_est": "F minor",
    "sub_ratio": 0.152214914560318,
    "centroid": 2844.096531550182,
    "rms_var": 0.6219300627708435,
    "onset_rate": 6.0
  },
  "CamelPhat - Drop It (Extended Mix).mp3": {
    "tempo_est": 123,
    "key_est": "E minor",
    "sub_ratio": 0.16210581362247467,
    "centroid": 3279.7420951566132,
    "rms_var": 0.4419770836830139,
    "onset_rate": 6.033333333333333
  },
  "Chelina Manuhutu - All On You (Extended Mix).wav": {
    "tempo_est": 123,
    "key_est": "Ab minor",
    "sub_ratio": 0.23761199414730072,
    "centroid": 3134.2959696616263,
    "rms_var": 0.3374795913696289,
    "onset_rate": 7.616666666666666
  },
  "Chelina Manuhutu - Big G (Original Mix).wav": {
    "tempo_est": 123,
    "key_est": "A minor",
    "sub_ratio": 0.18770815432071686,
    "centroid": 3514.1317581277867,
    "rms_var": 0.3922273814678192,
    "onset_rate": 6.966666666666667
  },
  "Chris Lorenzo - Pump (Extended Mix).wav": {
    "tempo_est": 129,
    "key_est": "E minor",
    "sub_ratio": 0.22356098890304565,
    "centroid": 2219.641165116599,
    "rms_var": 0.31250447034835815,
    "onset_rate": 5.283333333333333
  },
  "Cloonee - Fine Night (Original Mix).wav": {
    "tempo_est": 129,
    "key_est": "F minor",
    "sub_ratio": 0.3362100124359131,
    "centroid": 2528.1936871434086,
    "rms_var": 0.6432930827140808,
    "onset_rate": 4.083333333333333
  },
  "Dateless - Shoes On Please (Original Mix).mp3": {
    "tempo_est": 123,
    "key_est": "F# minor",
    "sub_ratio": 0.31981566548347473,
    "centroid": 2317.80315407712,
    "rms_var": 0.5752267241477966,
    "onset_rate": 5.816666666666666
  },
  "David Amo, Julio Navas, Gustavo Bravetti - Raw (Tony Romera Extended Mix).mp3": {
    "tempo_est": 129,
    "key_est": "F minor",
    "sub_ratio": 0.14182722568511963,
    "centroid": 2725.6279156142605,
    "rms_var": 0.4549669921398163,
    "onset_rate": 6.75
  },
  "Dusky - Careless (Original Mix).mp3": {
    "tempo_est": 123,
    "key_est": "G minor",
    "sub_ratio": 0.10059167444705963,
    "centroid": 3157.2169261751087,
    "rms_var": 0.586077868938446,
    "onset_rate": 5.383333333333334
  },
  "FISHER (OZ) - You Little Beauty (Extended).wav": {
    "tempo_est": 123,
    "key_est": "Bb major",
    "sub_ratio": 0.1288556158542633,
    "centroid": 2661.614711266716,
    "rms_var": 0.456413596868515,
    "onset_rate": 3.4833333333333334
  },
  "FM STROEMER - Morning Light (Future Funk Remix).wav": {
    "tempo_est": 123,
    "key_est": "A minor",
    "sub_ratio": 0.05688992515206337,
    "centroid": 3185.5264796067627,
    "rms_var": 0.26299744844436646,
    "onset_rate": 3.716666666666667
  },
  "Finn - Sometimes The Going Gets A Little Tough (Ferreck Dawn & Robosonic Extended Remix).mp3": {
    "tempo_est": 123,
    "key_est": "Bb major",
    "sub_ratio": 0.10881003737449646,
    "centroid": 3313.194978105577,
    "rms_var": 0.5360369086265564,
    "onset_rate": 5.066666666666666
  },
  "Flashmob - Hardbase & Bassline (Original Mix).mp3": {
    "tempo_est": 123,
    "key_est": "E minor",
    "sub_ratio": 0.15408967435359955,
    "centroid": 2986.929611938978,
    "rms_var": 0.586061418056488,
    "onset_rate": 6.383333333333334
  },
  "Gorgon City - Primal Call (Extended Mix).mp3": {
    "tempo_est": 123,
    "key_est": "A minor",
    "sub_ratio": 0.13916203379631042,
    "centroid": 3164.6444700465618,
    "rms_var": 0.3382529616355896,
    "onset_rate": 6.433333333333334
  },
  "Green Velvet, Chris Lake - Deceiver (VIP) (Extended Mix).wav": {
    "tempo_est": 123,
    "key_est": "Eb major",
    "sub_ratio": 0.14448946714401245,
    "centroid": 2545.389894729191,
    "rms_var": 0.3724416196346283,
    "onset_rate": 4.3
  },
  "Hatiras - Spaced Invader (Original Mix).mp3": {
    "tempo_est": 136,
    "key_est": "E major",
    "sub_ratio": 0.06269470602273941,
    "centroid": 3642.4627745952776,
    "rms_var": 0.2754702866077423,
    "onset_rate": 4.3
  },
  "John Summit - In Chicago (Extended Mix).wav": {
    "tempo_est": 123,
    "key_est": "D minor",
    "sub_ratio": 0.22649052739143372,
    "centroid": 1984.2320605038515,
    "rms_var": 0.5000951290130615,
    "onset_rate": 4.55
  },
  "John Summit - La Danza (Extended Mix).wav": {
    "tempo_est": 123,
    "key_est": "Db major",
    "sub_ratio": 0.2094840258359909,
    "centroid": 2401.274891622691,
    "rms_var": 0.4690227508544922,
    "onset_rate": 4.466666666666667
  },
  "John Summit - Make Me Feel (Original Mix).wav": {
    "tempo_est": 123,
    "key_est": "C minor",
    "sub_ratio": 0.2529146671295166,
    "centroid": 2634.7248339822418,
    "rms_var": 0.4924786686897278,
    "onset_rate": 4.9
  },
  "Laidback Luke, BLVD. - Cielo (Original Mix).wav": {
    "tempo_est": 123,
    "key_est": "Ab major",
    "sub_ratio": 0.22018024325370789,
    "centroid": 2688.993428571889,
    "rms_var": 0.6727460622787476,
    "onset_rate": 4.683333333333334
  },
  "MD X-Spress - God Made Me Phunky (Original Mix).wav": {
    "tempo_est": 129,
    "key_est": "F minor",
    "sub_ratio": 0.24061477184295654,
    "centroid": 2829.121227363697,
    "rms_var": 0.30596068501472473,
    "onset_rate": 5.5
  },
  "Martin Ikin - Hustlin_ (Extended Mix).mp3": {
    "tempo_est": 129,
    "key_est": "F# minor",
    "sub_ratio": 0.14419248700141907,
    "centroid": 2258.5250305850377,
    "rms_var": 0.5095071792602539,
    "onset_rate": 5.016666666666667
  },
  "Martin Ikin, Noizu - Burnin_ (Original Mix).mp3": {
    "tempo_est": 129,
    "key_est": "F minor",
    "sub_ratio": 0.18952713906764984,
    "centroid": 2574.4112072758485,
    "rms_var": 0.5496155619621277,
    "onset_rate": 5.15
  },
  "Matroda - Naughty Sax (Original Mix).mp3": {
    "tempo_est": 129,